{
  "front": {
    "R": [
      [
        1.0,
        0.0,
        0.0
      ],
      [
        0.0,
        -0.4999999999999999,
        -0.8660254037844387
      ],
      [
        0.0,
        0.8660254037844387,
        -0.4999999999999999
      ]
    ],
    "t": [
      0.0,
      2.0,
      1.5
    ]
  },
  "back": {
    "R": [
      [
        -1.0,
        -1.2246467991473532e-16,
        0.0
      ],
      [
        -6.123233995736765e-17,
        0.4999999999999999,
        -0.8660254037844387
      ],
      [
        1.0605752387249069e-16,
        -0.8660254037844387,
        -0.4999999999999999
      ]
    ],
    "t": [
      0.0,
      -2.0,
      1.5
    ]
  },
  "left": {
    "R": [
      [
        6.123233995736766e-17,
        -1.0,
        0.0
      ],
      [
        -0.4999999999999999,
        -3.0616169978683824e-17,
        -0.8660254037844387
      ],
      [
        0.8660254037844387,
        5.3028761936245346e-17,
        -0.4999999999999999
      ]
    ],
    "t": [
      -1.0,
      1.0,
      1.2
    ]
  },
  "right": {
    "R": [
      [
        6.123233995736766e-17,
        1.0,
        0.0
      ],
      [
        0.4999999999999999,
        -3.0616169978683824e-17,
        -0.8660254037844387
      ],
      [
        -0.8660254037844387,
        5.3028761936245346e-17,
        -0.4999999999999999
      ]
    ],
    "t": [
      1.0,
      1.0,
      1.2
    ]
  }
}